spot_name,district,category,tags,brief_description,best_months,avg_rating,review_count,latitude,longitude,map_link,img_path
Naneghat,Pune,Heritage,"trekking,ancient trade route,history,offbeat","Naneghat is a mountain pass tucked into the Western Ghats near Junnar, once used over 2000 years ago as a vital trade route connecting the Konkan coast to the Deccan plateau. Traders paid tolls here, and remnants of that history still remain in the form of a giant stone pot once used to collect coins. The site also holds ancient rock-cut caves inscribed with Brahmi-script Sanskrit writing from the Satavahana dynasty, making it as much a historical treasure as a scenic trek. During the monsoon, strong winds create a rare reverse waterfall effect, where falling water is pushed back upward against gravity, drawing curious trekkers from Mumbai and Pune.",Aug-Feb,4.6,210,19.2667,73.7833,https://www.google.com/maps/search/?api=1&query=Naneghat+Maharashtra,https://picsum.photos/seed/naneghat/800/600
Tamhini Ghat,Pune,Nature,"waterfall,monsoon,scenic drive,offbeat","Tamhini Ghat is a winding mountain pass connecting Mulshi and Tamhini in the Western Ghats, known for transforming into a lush green paradise the moment the monsoon arrives. The route is lined with gushing seasonal waterfalls, dense forest cover, and low-hanging clouds that roll right across the road. It is considered one of the wettest stretches in India, which is exactly why nature lovers chase it out during the rains. Nearby attractions like Mulshi Dam backwaters and Devkund Waterfall make it easy to turn a short drive into a full day of exploring, yet it remains far less crowded than more commercial hill destinations.",Jul-Sep,4.5,340,18.4167,73.4167,https://www.google.com/maps/search/?api=1&query=Tamhini+Ghat+Maharashtra,https://picsum.photos/seed/tamhinighat/800/600
Chikhaldara,Amravati,Hill Station,"hillstation,wildlife,viewpoint,coffee","Chikhaldara holds a unique title as the only hill station in Maharashtra's Vidarbha region, and the only coffee-growing area in the entire state. Surrounded by dense forests that are part of the Melghat Tiger Reserve, it offers a genuine chance at spotting wildlife including tigers, sloth bears, and wild boars in their natural habitat. The town is dotted with scenic viewpoints, old British-era bungalows, lakes, and waterfalls that reflect its colonial-era popularity as a cool retreat. Despite its natural richness and unique coffee culture, it remains largely overshadowed by more commercially promoted hill stations in western Maharashtra.",Oct-Feb,4.4,580,21.4167,77.35,https://www.google.com/maps/search/?api=1&query=Chikhaldara+Maharashtra,https://picsum.photos/seed/chikhaldara/800/600
Toranmal,Nandurbar,Hill Station,"hillstation,tribal culture,sunset point,trekking","Toranmal is a quiet hill station nestled in the Satpura mountain range, home to the Pawra and Bhil tribal communities whose traditions remain largely untouched by mass tourism. Thick sal forests, gentle waterfalls, and panoramic sunset points make it a genuinely peaceful escape, especially compared to the crowded hill stations of western Maharashtra. Its remoteness has kept it authentic, with visitors often describing it as feeling more like a hidden village retreat than a tourist destination. For travellers looking to experience tribal culture alongside cool mountain air, Toranmal offers an experience that very few know exists within the state.",Oct-Feb,4.7,95,21.85,74.4667,https://www.google.com/maps/search/?api=1&query=Toranmal+Maharashtra,https://picsum.photos/seed/toranmal/800/600
Amboli,Sindhudurg,Nature,"waterfall,biodiversity,monsoon,ghat","Amboli sits deep within the Western Ghats, a UNESCO-recognised biodiversity hotspot known for its extraordinary variety of endemic species, including rare frogs, orchids, and butterflies found nowhere else in the world. The region bursts into a cascade of waterfalls during the monsoon, with cool, misty weather that persists for much of the year, a rarity for coastal Maharashtra. Beyond its ecological richness, Amboli offers gentle trekking trails, viewpoints overlooking the Konkan coastline, and a slower pace of tourism that has protected it from the overdevelopment seen in nearby beach towns.",Jun-Sep,4.6,460,15.95,74.0,https://www.google.com/maps/search/?api=1&query=Amboli+Maharashtra,https://picsum.photos/seed/amboli/800/600
Velneshwar Beach,Ratnagiri,Beach,"beach,quiet,temple,offbeat","Velneshwar Beach is a serene, crescent-shaped stretch of golden sand along the Konkan coastline, home to a centuries-old Lord Shiva temple that gives the beach its name. Unlike the crowded beaches further south, Velneshwar retains a calm, untouched charm, with clear waters, coconut groves, and small local guesthouses run by fishing families. Visitors often describe it as what Konkan beaches looked like before mainstream tourism arrived, making it ideal for travellers seeking quiet mornings by the sea rather than crowded beach shacks and loud tourist crowds.",Nov-Feb,4.5,120,17.7167,73.05,https://www.google.com/maps/search/?api=1&query=Velneshwar+Beach+Maharashtra,https://picsum.photos/seed/velneshwarbeach/800/600
Rajmachi Fort,Pune,Heritage,"trekking,fort,camping,offbeat","Rajmachi is actually a pair of forts, Shrivardhan and Manaranjan, perched along a ridge near Lonavala, connected by a scenic trail through dense forest. The trek is considered one of the most rewarding in the Sahyadris, offering sweeping views of the surrounding valleys, waterfalls along the route during monsoon, and a small village at the base where trekkers can camp overnight under a genuinely starlit sky. While it is well known among serious trekking communities, most casual tourists have never heard of it, keeping the site largely free from the commercial crowding seen at more accessible forts nearby.",Jul-Sep,4.6,275,18.75,73.4833,https://www.google.com/maps/search/?api=1&query=Rajmachi+Fort+Maharashtra,https://picsum.photos/seed/rajmachifort/800/600
Chandoli National Park,Sangli,Wildlife,"wildlife,forest,tiger reserve,nature","Chandoli National Park spans the border of Sangli, Kolhapur, and Satara districts, forming a core part of the Sahyadri Tiger Reserve alongside Koyna Wildlife Sanctuary. Its dense, undisturbed forest is home to tigers, leopards, gaurs, and a wide range of birdlife, offering a genuine wildlife experience without the heavy tourist traffic seen at more famous reserves like Tadoba. Boating on the Chandoli backwaters and guided forest safaris allow visitors a rare, quiet encounter with nature, though limited infrastructure means it still attracts only a fraction of the visitors such rich biodiversity would normally draw.",Nov-Feb,4.3,88,17.15,73.75,https://www.google.com/maps/search/?api=1&query=Chandoli+National+Park+Maharashtra,https://picsum.photos/seed/chandolinationalpark/800/600
Anjarle Beach,Ratnagiri,Beach,"beach,turtle festival,quiet,offbeat","Anjarle Beach is a pristine, largely undisturbed stretch of coastline in the Konkan region, best known for hosting an annual Olive Ridley turtle nesting and hatching festival between late winter and early spring. Local conservation efforts have protected the nesting sites for years, giving visitors a rare, guided opportunity to witness baby turtles making their way to the sea. Beyond the turtle season, the beach remains a peaceful escape with soft sand, clean waters, and a nearby ancient Ganpati temple, all without the commercial clutter found at more mainstream Konkan beach towns.",Nov-Mar,4.7,150,17.7333,73.1333,https://www.google.com/maps/search/?api=1&query=Anjarle+Beach+Maharashtra,https://picsum.photos/seed/anjarlebeach/800/600
Bhandardara,Ahmednagar,Nature,"lake,waterfall,camping,stargazing","Bhandardara is a scenic lakeside destination built around the Wilson Dam and Arthur Lake, framed by the Kalsubai peak, Maharashtra's highest point. The region is home to Umbrella Falls, Randha Falls, and Sandhan Valley, a dramatic canyon popular among adventure trekkers, alongside gentle boating and camping spots for a more relaxed visit. Thanks to minimal light pollution, Bhandardara has also become known among astronomy enthusiasts for offering some of the clearest night skies within a few hours of Mumbai and Pune, a feature most visitors don't associate with a Maharashtra hill destination.",Aug-Feb,4.5,690,19.5333,73.75,https://www.google.com/maps/search/?api=1&query=Bhandardara+Maharashtra,https://picsum.photos/seed/bhandardara/800/600
